HEADER,SAMPLE,4
HEADER,HEURISTICS,EXPERIENCE,0,CURIOSITY,0.4809985,ACHIEVEMENT,0.2821868,COMPLETION,0.5197015,AGGRESSION,0.8673871,ADRENALINE,0.9369223,CAUTION,0.1533914,EFFICIENCY,0.1445045,
POSITION,0.02,-32,0.5219226,-32,0,0.3826834,0
POSITION,0.2627362,-32,0.5219226,-32,0,0.3826834,0
POSITION,0.5083452,-32,0.5219226,-32,0,0.3826834,0
POSITION,0.7555019,-32,0.5219226,-32,0,0.3826834,0
POSITION,1.00543,-32,0.5219226,-32,0,0.3826834,0
POSITION,1.25641,-31.86865,0.5220879,-32,0,0.481443,0
POSITION,1.505331,-31.25997,0.521749,-32,0,0.6195037,0
POSITION,1.757017,-30.3792,0.5212558,-32,0,0.6801596,0
POSITION,2.004503,-29.513,0.5207708,-32,0,0.6984482,0
POSITION,2.257764,-28.62659,0.5202745,-32,0,0.7043751,0
POSITION,2.50412,-27.76434,0.5197918,-32,0,0.706215,0
POSITION,2.755579,-26.88424,0.519299,-32,0,0.7068236,0
POSITION,3.004191,-26.0141,0.5188118,-32,0,0.7070154,0
POSITION,3.256927,-25.12953,0.5183166,-32,0,0.7070778,0
POSITION,3.505727,-24.27245,0.5187773,-31.87723,0,0.6651043,0
POSITION,3.754297,-23.42403,0.5183704,-31.6847,0,0.6374136,0
POSITION,4.006886,-22.56188,0.5178408,-31.48906,0,0.628269,0
POSITION,4.256031,-21.71149,0.5169279,-31.29608,0,0.6253662,0
POSITION,4.505369,-20.86045,0.5160143,-31.10296,0,0.6244267,0
POSITION,4.753984,-20.01187,0.5151034,-30.91039,0,0.6241244,0
POSITION,5.012196,-19.13054,0.5141573,-30.71039,0,0.6240245,0
POSITION,5.258641,-18.28935,0.5132543,-30.5195,0,0.6239951,0
POSITION,5.506815,-17.44227,0.5123449,-30.32729,0,0.6239852,0
POSITION,5.754653,-16.6107,0.5109868,-30.09382,0,0.6035315,0
POSITION,6.004389,-15.82131,0.5109868,-29.71852,0,0.5569038,0
POSITION,6.2557,-15.02693,0.5109868,-29.34085,0,0.5414624,0
POSITION,6.506886,-14.23295,0.5109868,-28.96337,0,0.5364693,0
POSITION,6.758904,-13.43634,0.5109868,-28.58463,0,0.5348766,0
POSITION,7.008324,-12.64794,0.5109868,-28.2098,0,0.5343809,0
POSITION,7.256799,-11.86253,0.5109868,-27.83638,0,0.5342214,0
POSITION,7.505141,-11.07753,0.5109868,-27.46317,0,0.53417,0
POSITION,7.755948,-10.28474,0.5109868,-27.08624,0,0.534153,0
POSITION,8.004835,-9.498023,0.5109868,-26.71221,0,0.5341483,0
POSITION,8.257112,-8.888982,0.5109868,-26.41788,0,0.5237008,0
POSITION,8.507106,-8.635192,0.5109868,-26.15958,0,0.4578532,0
POSITION,8.756631,-8.07172,0.5109868,-25.58607,0,0.4061758,0
POSITION,9.005102,-7.46223,0.5109868,-24.96573,0,0.3874955,0
POSITION,9.256384,-6.84585,0.5109868,-24.33836,0,0.3814449,0
POSITION,9.504558,-6.237098,0.5109868,-23.71877,0,0.3795236,0
POSITION,9.756963,-5.61797,0.5109868,-23.08861,0,0.378895,0
POSITION,10.00707,-5.004462,0.5109868,-22.46418,0,0.3786966,0
POSITION,10.25519,-4.53279,0.5109868,-21.9841,0,0.5793418,0
POSITION,10.50689,-4.40362,0.5109868,-21.85264,0,0.7739027,0
POSITION,10.75405,-4.40362,0.5109868,-21.85264,0,0.7892845,0
POSITION,11.00557,-4.40362,0.5109868,-21.85264,0,0.7892845,0
POSITION,11.25917,-4.40362,0.5109868,-21.85264,0,0.4345597,0
POSITION,11.55072,-4.40362,0.5109868,-21.85264,0,-0.01762954,0
POSITION,11.75843,-4.40362,0.5109868,-21.85264,0,-0.125251,0
POSITION,12.01244,-4.40362,0.5109868,-21.85264,0,-0.125251,0
POSITION,12.25558,-4.40362,0.5109868,-21.85264,0,0.06140884,0
POSITION,12.51114,-4.40362,0.5109868,-21.85264,0,0.3222995,0
POSITION,12.75968,-4.44534,0.5109868,-21.71567,0,0.2293437,0
INTERACTION,12.94037,Collectible - Gold (1),-4.84,1.532686,-20.42
POSITION,13.00566,-4.623654,0.5109868,-21.13026,0,0.008234013,0
POSITION,13.25839,-4.84,0.5109868,-20.42,0,-0.08910712,0
POSITION,13.5082,-4.84,0.5109868,-20.42,0,-0.08910712,0
POSITION,13.75614,-4.842563,0.5109868,-20.41379,0,-0.09462359,0
POSITION,14.00815,-4.970825,0.5109868,-20.10293,0,-0.1402619,0
POSITION,14.26627,-5.283476,0.5109868,-19.34519,0,-0.1765158,0
POSITION,14.51051,-5.609529,0.5109868,-18.55497,0,-0.1886185,0
POSITION,14.76252,-5.945949,0.5109868,-17.73962,0,-0.1926046,0
POSITION,15.01616,-6.284551,0.5109868,-16.91898,0,-0.1938522,0
POSITION,15.25949,-6.609388,0.5109868,-16.1317,0,-0.1942326,0
POSITION,15.51188,-6.946323,0.5109868,-15.31511,0,-0.1943607,0
POSITION,15.7617,-7.279809,0.5109868,-14.50687,0,-0.1944002,0
POSITION,16.01046,-7.611909,0.5109868,-13.702,0,-0.1944128,0
POSITION,16.2616,-7.947173,0.5109868,-12.88945,0,-0.1944168,0
POSITION,16.51297,-8.282733,0.5109868,-12.07619,0,-0.1944181,0
POSITION,16.76172,-8.614802,0.5109868,-11.27139,0,-0.1944185,0
POSITION,17.01054,-8.946951,0.5109868,-10.46639,0,-0.1944186,0
POSITION,17.26316,-9.284192,0.5109868,-9.649055,0,-0.1944186,0
POSITION,17.51161,-9.615863,0.5109868,-8.845221,0,-0.1944186,0
POSITION,17.76213,-9.950301,0.5109868,-8.034679,0,-0.1944186,0
POSITION,18.01214,-10.28407,0.5109868,-7.225772,0,-0.1944186,0
POSITION,18.26083,-10.61605,0.5109868,-6.421168,0,-0.1944186,0
POSITION,18.51327,-10.95306,0.5109868,-5.604403,0,-0.1944186,0
POSITION,18.7621,-11.28523,0.5109868,-4.799345,0,-0.1944186,0
POSITION,19.01019,-11.61643,0.5109868,-3.996642,0,-0.1944187,0
POSITION,19.26007,-11.95002,0.5109868,-3.188171,0,-0.1944187,0
POSITION,19.51185,-12.28613,0.5109868,-2.373579,0,-0.1944187,0
POSITION,19.75802,-12.61475,0.5109868,-1.577137,0,-0.1944187,0
POSITION,20.01263,-12.95465,0.5109868,-0.753361,0,-0.1944187,0
POSITION,20.26276,-13.28858,0.5109868,0.05594502,0,-0.1944187,0
POSITION,20.50989,-13.61847,0.5109868,0.8554708,0,-0.1944187,0
POSITION,20.76076,-13.95337,0.5109868,1.667132,0,-0.1944187,0
POSITION,21.01695,-14.29539,0.5109868,2.496025,0,-0.1944185,0
POSITION,21.26255,-14.62325,0.5109868,3.290647,0,-0.1944184,0
POSITION,21.50967,-14.95315,0.5109868,4.090179,0,-0.1944184,0
POSITION,21.76183,-15.28977,0.5109868,4.906008,0,-0.1944184,0
POSITION,22.00769,-15.61799,0.5109868,5.701483,0,-0.1944184,0
POSITION,22.26082,-15.95589,0.5109868,6.520442,0,-0.1944184,0
POSITION,22.51062,-16.28937,0.5109868,7.328652,0,-0.1944185,0
POSITION,22.75987,-16.61649,0.5109868,8.134196,0,-0.1927047,0
POSITION,23.00937,-16.94667,0.5109868,8.941874,0,-0.1928584,0
POSITION,23.25818,-17.27774,0.5109868,9.746478,0,-0.1935766,0
POSITION,23.51006,-17.61882,0.5109868,10.55857,0,-0.1967758,0
POSITION,23.76118,-18.01842,0.5109868,11.34098,0,-0.22419,0
POSITION,24.01034,-18.42435,0.5109868,12.11276,0,-0.2347586,0
POSITION,24.26021,-18.83147,0.5109868,12.88681,0,-0.2381632,0
POSITION,24.51053,-19.2393,0.5109868,13.6622,0,-0.2392395,0
POSITION,24.76049,-19.64655,0.5109868,14.4365,0,-0.2395822,0
POSITION,25.01002,-20.05309,0.5109868,15.20945,0,-0.2396917,0
POSITION,25.25848,-20.45791,0.5109868,15.97911,0,-0.2397268,0
POSITION,25.51373,-20.87378,0.5109868,16.76979,0,-0.2397378,0
POSITION,25.76225,-21.27869,0.5109868,17.53964,0,-0.2397411,0
POSITION,26.00658,-21.67677,0.5109868,18.29649,0,-0.2397422,0
POSITION,26.26073,-22.09084,0.5109868,19.08375,0,-0.2397425,0
POSITION,26.50847,-22.49308,0.5109868,19.8517,0,-0.2390758,0
POSITION,26.75612,-22.89302,0.5109868,20.61996,0,-0.2382202,0
POSITION,27.01123,-23.30765,0.5109868,21.41007,0,-0.2390061,0
POSITION,27.25639,-23.7098,0.5109868,22.1674,0,-0.2413122,0
POSITION,27.51028,-24.18604,0.5109868,22.91645,0,-0.2719346,0
POSITION,27.76175,-24.6824,0.5109868,23.64325,0,-0.2878373,0
POSITION,28.00939,-25.1712,0.5109868,24.359,0,-0.2927777,0
POSITION,28.26246,-25.67073,0.5109868,25.09043,0,-0.2943894,0
POSITION,28.50978,-26.15892,0.5109868,25.80527,0,-0.2948906,0
POSITION,28.75661,-26.64612,0.5109868,26.51867,0,-0.2950522,0
POSITION,29.00915,-27.14462,0.5109868,27.24859,0,-0.295105,0
POSITION,29.26472,-27.64908,0.5109868,27.98727,0,-0.2951217,0
POSITION,29.50811,-28.12951,0.5109868,28.69074,0,-0.2951272,0
POSITION,29.76154,-28.62976,0.5109868,29.42324,0,-0.2951289,0
INTERACTION,29.9718,Collectible - Gold (5),-29.57,1.375024,30.8
POSITION,30.01139,-29.12294,0.5109868,30.14538,0,-0.2951288,0
POSITION,30.26245,-29.56808,0.5109868,30.79718,0,-0.29513,0
POSITION,30.51331,-29.57,0.5109868,30.8,0,-0.29513,0
POSITION,30.7602,-29.49678,0.5109868,30.57614,0,-0.5296093,0
POSITION,31.02941,-29.25218,0.5109868,29.82831,0,-0.7446765,0
POSITION,31.26166,-28.99947,0.5109868,29.0557,0,-0.8834922,0
POSITION,31.51302,-28.72598,0.5109868,28.21956,0,-0.9749468,0
POSITION,31.76192,-28.45516,0.5109868,27.39157,0,-0.9998911,0
POSITION,32.01021,-28.20491,0.5109868,26.55978,0,-0.994971,0
POSITION,32.25865,-27.98207,0.5109868,25.95528,0,-0.997095,0
POSITION,32.51291,-27.90765,0.5109868,25.80224,0,-0.981924,0
POSITION,32.76327,-27.90765,0.5109868,25.80224,0,-0.9289682,0
POSITION,33.0127,-27.90765,0.5109868,25.80224,0,-0.9289682,0
POSITION,33.25739,-27.90765,0.5109868,25.80224,0,-0.9629659,0
POSITION,33.51358,-27.90765,0.5109868,25.80224,0,-0.9664201,0
POSITION,33.76122,-27.90765,0.5109868,25.80224,0,-0.7890871,0
POSITION,34.01519,-27.90765,0.5109868,25.80224,0,-0.7890871,0
POSITION,34.26508,-27.90765,0.5109868,25.80224,0,-0.8206847,0
POSITION,34.51341,-27.90765,0.5109868,25.80224,0,-0.9407597,0
POSITION,34.76154,-27.90602,0.5109868,25.81145,0,-0.9808483,0
POSITION,35.01271,-27.84572,0.5109868,26.15365,0,-0.8964731,0
POSITION,35.26156,-27.68704,0.5109868,26.92858,0,-0.7520413,0
POSITION,35.51196,-27.22696,0.5109868,27.66295,0,-0.5554689,0
INTERACTION,35.51196,Impling (9),-26.65,0.5,28.46
POSITION,35.75674,-26.72687,0.5109868,28.35381,0,-0.3946688,0
POSITION,36.00879,-26.65,0.5109868,28.46,0,-0.3804724,0
POSITION,36.26102,-26.65,0.5109868,28.46,0,-0.3804724,0
POSITION,36.50906,-26.66646,0.5109868,28.47795,0,-0.3067477,0
POSITION,36.77763,-26.97387,0.5109868,28.813,0,-0.03050572,0
POSITION,37.00974,-27.5076,0.5109868,29.38067,0,0.2030901,0
POSITION,37.25837,-28.10464,0.5109868,30.01378,0,0.3167536,0
POSITION,37.51223,-28.71424,0.5109868,30.66021,0,0.3527923,0
POSITION,37.75947,-29.30793,0.5109868,31.28977,0,0.3638408,0
POSITION,38.0085,-29.90592,0.5109868,31.9239,0,0.367416,0
POSITION,38.26093,-30.51209,0.5109868,32.5667,0,0.3685698,0
INTERACTION,38.4964,Impling (7),-31.76,0.5,33.89
POSITION,38.50929,-31.10845,0.5109868,33.19909,0,0.3689312,0
POSITION,38.75873,-31.69827,0.5109868,33.82454,0,0.3690477,0
POSITION,39.01105,-31.76,0.5109868,33.89,0,0.3690541,0
POSITION,39.25982,-31.76,0.5109868,33.89,0,0.3690541,0
POSITION,39.51183,-31.81932,0.5109868,33.8593,0,0.4780235,0
POSITION,39.75848,-32.26119,0.5109868,33.62962,0,0.6865189,0
POSITION,40.00712,-32.86784,0.5109868,33.07132,0,0.8476902,0
POSITION,40.25841,-33.46862,0.5109868,32.42898,0,0.907247,0
INTERACTION,40.44227,Impling (8),-34.59,0.5,31.23
POSITION,40.51036,-34.07098,0.5109868,31.78494,0,0.9232925,0
POSITION,40.75777,-34.58805,0.5109868,31.23209,0,0.9276547,0
POSITION,41.01236,-34.63898,0.5109868,31.33222,0,0.8451336,0
POSITION,41.25988,-34.89014,0.5109868,31.85651,0,0.6798939,0
POSITION,41.50978,-35.19075,0.5109868,32.67479,0,0.4670151,0
INTERACTION,41.53633,Mushroom 2,-35.53,0.5,33.7
POSITION,41.75787,-35.46353,0.5109868,33.49914,0,0.2691619,0
POSITION,42.03001,-35.53,0.5109868,33.7,0,0.2421259,0
POSITION,42.26035,-35.53,0.5109868,33.7,0,0.2421259,0
POSITION,42.51064,-35.48799,0.5109868,33.58392,0,0.4185964,0
POSITION,42.76119,-35.28275,0.5109868,33.01689,0,0.6398247,0
POSITION,43.00702,-34.99008,0.5109868,32.20833,0,0.8144077,0
POSITION,43.2564,-34.69299,0.5109868,31.38761,0,0.9366219,0
POSITION,43.51232,-34.38812,0.5109868,30.54533,0,0.9959591,0
POSITION,43.76213,-34.09053,0.5109868,29.72319,0,0.9960684,0
POSITION,44.01123,-33.64656,0.5109868,29.06985,0,0.9684734,0
POSITION,44.2582,-32.92827,0.5109868,28.82591,0,0.8763318,0
INTERACTION,44.31067,Collectible - Gold (4),-31.77,1.612059,28.93
POSITION,44.51015,-32.05501,0.5109868,28.90117,0,0.7506238,0
POSITION,44.76021,-31.77,0.5109868,28.93,0,0.7261432,0
POSITION,45.01098,-31.77,0.5109868,28.93,0,0.7261432,0
POSITION,45.27572,-31.73861,0.5109868,28.91456,0,0.7451805,0
POSITION,45.52196,-31.35564,0.5109868,28.72614,0,0.8014051,0
POSITION,45.75774,-30.64692,0.5347487,28.37744,0,0.8329785,0
POSITION,46.00779,-29.86162,0.5109868,27.99107,0,0.8439831,0
POSITION,46.26369,-29.05801,0.5109868,27.59569,0,0.8474241,0
POSITION,46.50829,-28.28986,0.5109868,27.21777,0,0.8484592,0
POSITION,46.76118,-27.49566,0.5109868,26.82701,0,0.8488026,0
POSITION,47.00808,-26.72027,0.5109868,26.44552,0,0.8489085,0
POSITION,47.2636,-25.91778,0.5109868,26.0507,0,0.8489434,0
POSITION,47.51788,-25.11928,0.5109868,25.65783,0,0.8489543,0
POSITION,47.76211,-24.3523,0.5109868,25.28048,0,0.8489576,0
POSITION,48.0131,-23.56407,0.5109868,24.89266,0,0.8489586,0
POSITION,48.26351,-22.77769,0.5109868,24.50577,0,0.8489588,0
POSITION,48.50666,-22.01405,0.5109868,24.13006,0,0.8489589,0
POSITION,48.76154,-21.21361,0.5109868,23.73624,0,0.848959,0
POSITION,49.01313,-20.42351,0.5109868,23.34751,0,0.8489591,0
POSITION,49.2583,-19.65355,0.5109868,22.96869,0,0.8489592,0
POSITION,49.51265,-18.85475,0.5109868,22.57568,0,0.8489593,0
POSITION,49.76212,-18.07132,0.5109868,22.19023,0,0.8489593,0
POSITION,50.00676,-17.30301,0.5109868,21.81221,0,0.8489594,0
POSITION,50.25819,-16.51341,0.5109868,21.42373,0,0.8489594,0
POSITION,50.51188,-15.71672,0.5109868,21.03176,0,0.8489595,0
POSITION,50.75861,-14.9419,0.5109868,20.65054,0,0.8489596,0
INTERACTION,50.89456,Impling (1),-13.64,0.5,20.01
POSITION,51.01319,-14.14259,0.5109868,20.25728,0,0.8489596,0
POSITION,51.26239,-13.64,0.5308486,20.01,0,0.84896,0
POSITION,51.51142,-13.64,0.5308486,20.01,0,0.84896,0
POSITION,51.76032,-13.64,0.5308486,20.01,0,0.84896,0
POSITION,52.01495,-13.64,0.5308486,20.01,0,0.84896,0
POSITION,52.26433,-13.63973,0.530851,20.01043,0,0.8420509,0
POSITION,52.51359,-13.49643,0.5321722,20.24303,0,0.677689,0
POSITION,52.76075,-13.0944,0.5109868,20.86543,0,0.4690435,0
POSITION,53.01215,-12.61024,0.5109868,21.60011,0,0.3460103,0
POSITION,53.26225,-12.12859,0.5109868,22.331,0,0.3060953,0
INTERACTION,53.31121,Impling,-11.48961,0.5,23.30064
POSITION,53.51133,-11.64888,0.5109868,23.05896,0,0.293283,0
POSITION,53.76321,-11.46817,0.5109868,23.29692,0,0.3475705,0
POSITION,54.01139,-11.07731,0.5109868,23.22904,0,0.569182,0
POSITION,54.26226,-10.26302,0.5109868,23.08763,0,0.7053892,0
POSITION,54.51538,-9.506566,0.5109868,22.95627,0,0.8451797,0
POSITION,54.76008,-9.229948,0.5109868,22.90823,0,0.9521493,0
POSITION,55.00891,-9.228124,0.5109868,22.90791,0,0.9704424,0
POSITION,55.26203,-9.228124,0.5109868,22.90791,0,0.9704424,0
POSITION,55.51255,-9.228124,0.5109868,22.90791,0,0.819097,0
POSITION,55.76325,-9.228124,0.5109868,22.90791,0,0.4197757,0
POSITION,56.0092,-9.228124,0.5109868,22.90791,0,0.287692,0
POSITION,56.2596,-9.228124,0.5109868,22.90791,0,0.287692,0
POSITION,56.51378,-9.228124,0.5109868,22.90791,0,0.448084,0
POSITION,56.76319,-9.228124,0.5109868,22.90791,0,0.6645864,0
POSITION,57.00847,-9.120966,0.5109868,22.8893,0,0.733404,0
POSITION,57.25669,-8.555211,0.5109868,22.79106,0,0.751788,0
POSITION,57.53452,-7.599452,0.5109868,22.62508,0,0.7614986,0
POSITION,57.76353,-6.809756,0.5109868,22.48795,0,0.7639139,0
INTERACTION,57.80901,Potion - Health (1),-5.665424,1.485727,22.56684
POSITION,58.01503,-5.942493,0.5109868,22.33733,0,0.764802,0
POSITION,58.26205,-5.090655,0.5109868,22.1894,0,0.7650794,0
POSITION,58.50692,-4.356287,0.5109868,21.91446,0,0.8150601,0
POSITION,58.76371,-3.927888,0.5109868,21.24909,0,0.9295841,0
POSITION,59.01028,-3.705896,0.5109868,20.41532,0,0.9780253,0
POSITION,59.25879,-3.48239,0.5109868,19.57479,0,0.9879413,0
POSITION,59.50792,-3.258322,0.5109868,18.73214,0,0.9904786,0
POSITION,59.76537,-3.026767,0.5165331,17.86134,0,0.9912404,0
POSITION,60.01316,-2.803912,0.5397607,17.02325,0,0.991464,0
POSITION,60.25925,-2.582568,0.5383293,16.19084,0,0.9915349,0
POSITION,60.51381,-2.353612,0.5368487,15.32981,0,0.9915581,0
POSITION,60.76466,-2.069533,0.5356085,14.52582,0,0.9852926,0
POSITION,61.01281,-1.446063,0.5338752,13.99932,0,0.932501,0
POSITION,61.26696,-0.6623579,0.5109868,13.57839,0,0.8841939,0
POSITION,61.5115,0.09163436,0.5109868,13.17342,0,0.8669784,0
POSITION,61.75736,0.8497094,0.5109868,12.76625,0,0.8611081,0
POSITION,62.00803,1.622594,0.5109868,12.35113,0,0.8591585,0
POSITION,62.26051,2.401095,0.5109868,11.93299,0,0.858534,0
POSITION,62.50766,3.163177,0.5109868,11.52367,0,0.8583385,0
POSITION,62.76225,3.948203,0.5109868,11.10203,0,0.8582748,0
POSITION,63.01308,4.721658,0.5109868,10.6866,0,0.8582553,0
POSITION,63.26327,5.497778,0.5109868,10.2813,0,0.8554258,0
POSITION,63.51303,6.278575,0.5109868,9.888128,0,0.8526876,0
POSITION,63.76245,7.058295,0.5109868,9.495499,0,0.851809,0
POSITION,64.01324,7.842283,0.5109868,9.100722,0,0.8515261,0
POSITION,64.26064,8.615641,0.5109868,8.7113,0,0.8514377,0
POSITION,64.50951,9.393656,0.5109868,8.319531,0,0.8514091,0
POSITION,64.7645,10.19073,0.5109868,7.918166,0,0.8513999,0
POSITION,65.01014,10.95871,0.5109868,7.531446,0,0.8513971,0
POSITION,65.26333,11.75016,0.5109868,7.132913,0,0.8513963,0
POSITION,65.51307,12.53084,0.5109868,6.739799,0,0.8513962,0
POSITION,65.76083,13.29577,0.5109868,6.34144,0,0.856167,0
POSITION,66.01303,13.80257,0.5109868,5.706505,0,0.9281352,0
POSITION,66.26389,14.04835,0.5109868,4.866437,0,0.976589,0
POSITION,66.51369,14.28737,0.5109868,4.025478,0,0.9866711,0
POSITION,66.75716,14.52034,0.5109868,3.205829,0,0.9892634,0
POSITION,67.01321,14.76535,0.5109868,2.343817,0,0.9900749,0
POSITION,67.26327,15.00464,0.5109868,1.501939,0,0.9903178,0
POSITION,67.51371,15.2443,0.5109868,0.6587539,0,0.9903938,0
POSITION,67.76035,15.48033,0.5109868,-0.1716669,0,0.9904178,0
POSITION,68.01173,15.72088,0.5109868,-1.017974,0,0.9904255,0
POSITION,68.26219,15.79989,0.5109868,-1.88563,0,0.99786,0
POSITION,68.51048,15.82131,0.5109868,-2.754442,0,0.9995683,0
POSITION,68.76013,15.84286,0.5109868,-3.627978,0,0.9998428,0
POSITION,69.0096,15.86438,0.5109868,-4.500948,0,0.9999012,0
POSITION,69.26185,15.88615,0.5109868,-5.383566,0,0.9999171,0
POSITION,69.51347,15.90787,0.5109868,-6.264009,0,0.9999219,0
POSITION,69.7615,15.92927,0.5109868,-7.131794,0,0.9999233,0
POSITION,70.01276,15.95095,0.5109868,-8.010922,0,0.9999238,0
POSITION,70.26225,15.97248,0.5109868,-8.883949,0,0.9999239,0
POSITION,70.51392,16.16394,0.5109868,-9.727006,0,0.995017,0
POSITION,70.76064,16.51546,0.5109868,-10.51573,0,0.9848835,0
POSITION,71.01299,16.87502,0.5109868,-11.32248,0,0.980377,0
POSITION,71.26292,17.23112,0.5109868,-12.12144,0,0.9788448,0
POSITION,71.51623,17.59202,0.5109868,-12.9312,0,0.97834,0
POSITION,71.76398,17.94503,0.5109868,-13.72325,0,0.9781821,0
POSITION,72.01383,18.30102,0.5109868,-14.52199,0,0.9781314,0
POSITION,72.26307,18.65611,0.5109868,-15.31874,0,0.9781152,0
POSITION,72.5115,19.01007,0.5109868,-16.11292,0,0.9781101,0
POSITION,72.76162,19.36645,0.5109868,-16.91253,0,0.9781083,0
POSITION,73.01141,19.72236,0.5109868,-17.71108,0,0.9781079,0
POSITION,73.2623,20.07984,0.5109868,-18.51316,0,0.9781078,0
POSITION,73.51089,20.43405,0.5109868,-19.30792,0,0.9781076,0
POSITION,73.76053,20.78975,0.5109868,-20.10601,0,0.9781076,0
POSITION,74.01244,21.14867,0.5109868,-20.91134,0,0.9781076,0
POSITION,74.26294,21.50559,0.5109868,-21.71217,0,0.9781076,0
POSITION,74.52965,21.88561,0.5109868,-22.56483,0,0.9781075,0
POSITION,74.76215,22.21686,0.5109868,-23.30808,0,0.9781075,0
POSITION,75.01209,22.57297,0.5109868,-24.10708,0,0.9781074,0
POSITION,75.26266,22.92994,0.5109868,-24.90802,0,0.9781073,0
POSITION,75.5115,23.28451,0.5109868,-25.70356,0,0.9781073,0
POSITION,75.76089,23.6398,0.5109868,-26.50074,0,0.9781073,0
POSITION,76.00977,23.99443,0.5109868,-27.29641,0,0.9781073,0
POSITION,76.25687,24.34648,0.5109868,-28.08632,0,0.9781073,0
POSITION,76.51038,24.70436,0.5109868,-28.88929,0,0.9862406,0
POSITION,76.76153,24.92245,0.5109868,-29.37861,0,0.9953187,0
POSITION,77.01089,24.95494,0.5109868,-29.45152,0,0.9529667,0
POSITION,77.25719,24.95494,0.5109868,-29.45152,0,0.9529667,0
POSITION,77.51141,24.95494,0.5109868,-29.45152,0,0.9676945,0
POSITION,77.76074,24.95494,0.5109868,-29.45152,0,0.9657295,0
POSITION,78.00829,24.95494,0.5109868,-29.45152,0,0.7459379,0
POSITION,78.25732,24.95494,0.5109868,-29.45152,0,0.7459379,0
POSITION,78.51286,24.95494,0.5109868,-29.45152,0,0.7570097,0
POSITION,78.76274,24.95494,0.5109868,-29.45152,0,0.9004517,0
POSITION,79.00689,24.95535,0.5109868,-29.45243,0,0.9769727,0
POSITION,79.26241,25.07492,0.5109868,-29.72072,0,0.9774674,0
POSITION,79.51089,25.38405,0.5109868,-30.41429,0,0.9778801,0
INTERACTION,79.52456,Large Crystal - Green,25.81,0,-31.37
POSITION,79.76215,25.74208,0.5109868,-31.21761,0,0.978035,0
POSITION,80.00814,25.81,0.5109868,-31.37,0,0.9780501,0
POSITION,80.25831,25.81,0.5109868,-31.37,0,0.9780501,0
POSITION,80.50748,25.81,0.5109868,-31.37,0,0.9780501,0
POSITION,80.76128,25.81,0.5109868,-31.37,0,0.9780501,0
POSITION,81.0133,25.78444,0.5109868,-31.23105,0,0.9169811,0
POSITION,81.25947,25.67358,0.5109868,-30.62848,0,0.7849592,0
POSITION,81.51174,25.51383,0.5109868,-29.76009,0,0.5959502,0
POSITION,81.75765,25.35809,0.5109868,-28.91353,0,0.3717658,0
POSITION,82.0122,25.19689,0.5109868,-28.03731,0,0.1152539,0
POSITION,82.26304,25.03805,0.5109868,-27.17386,0,-0.02545501,0
POSITION,82.50749,24.88324,0.5109868,-26.33235,0,-0.06951458,0
POSITION,82.75897,24.72398,0.5109868,-25.46668,0,-0.08410423,0
POSITION,83.01433,24.56228,0.5109868,-24.58771,0,-0.0887496,0
POSITION,83.25817,24.40786,0.5109868,-23.74833,0,-0.09015714,0
POSITION,83.53089,24.23516,0.5109868,-22.80962,0,-0.09064721,0
POSITION,83.75803,24.09131,0.5109868,-22.02771,0,-0.09077352,0
POSITION,84.0071,23.93357,0.5109868,-21.17028,0,-0.09082033,0
POSITION,84.26295,23.77155,0.5109868,-20.28961,0,-0.09083544,0
POSITION,84.51357,23.61285,0.5109868,-19.42693,0,-0.09084043,0
POSITION,84.7571,23.45863,0.5109868,-18.58867,0,-0.0908421,0
POSITION,85.00924,23.29896,0.5109868,-17.72077,0,-0.0908426,0
POSITION,85.26218,23.13879,0.5109868,-16.85011,0,-0.09084304,0
POSITION,85.51235,22.98016,0.5109868,-15.98948,0,-0.09103916,0
POSITION,85.76352,22.87915,0.5109868,-15.11837,0,-0.06288061,0
POSITION,86.01293,22.813,0.5109868,-14.25015,0,-0.04590252,0
POSITION,86.2636,22.79795,0.5109868,-13.37465,0,-0.01712229,0
POSITION,86.509,22.82872,0.5109868,-12.51701,0,0.01118997,0
POSITION,86.76403,22.90607,0.5109868,-11.63007,0,0.03344239,0
POSITION,87.00962,23.07402,0.5109868,-10.79634,0,0.09371819,0
POSITION,87.26053,23.41102,0.5109868,-9.985364,0,0.1634776,0
POSITION,87.50833,23.74382,0.5109868,-9.184476,0,0.1853099,0
POSITION,87.76186,24.07984,0.5109868,-8.363247,0,0.1901546,0
POSITION,88.00922,24.40522,0.5109868,-7.560988,0,0.1910422,0
POSITION,88.26121,24.73668,0.5109868,-6.743727,0,0.1913322,0
POSITION,88.51266,25.06742,0.5109868,-5.928257,0,0.1914229,0
POSITION,88.76247,25.39602,0.5109868,-5.118055,0,0.1914516,0
POSITION,89.01178,25.72398,0.5109868,-4.309466,0,0.1914607,0
POSITION,89.26151,26.05244,0.5109868,-3.49962,0,0.1914635,0
POSITION,89.51176,26.38163,0.5109868,-2.687943,0,0.1914645,0
POSITION,89.76268,26.71168,0.5109868,-1.874165,0,0.191465,0
POSITION,90.0071,27.03321,0.5109868,-1.081419,0,0.1914651,0
POSITION,90.26037,27.3664,0.5109868,-0.2599173,0,0.1914651,0
POSITION,90.50723,27.69112,0.5109868,0.5407004,0,0.191465,0
POSITION,90.76327,28.02794,0.5109868,1.371182,0,0.1914649,0
POSITION,91.01492,28.35898,0.5109868,2.187392,0,0.1914649,0
POSITION,91.25772,28.67837,0.5109868,2.974884,0,0.191465,0
POSITION,91.50872,29.00857,0.5109868,3.789026,0,0.1914651,0
INTERACTION,91.69028,Mushroom 1 (1),29.94728,0.5,5.065919
POSITION,91.76827,29.35002,0.5109868,4.630885,0,0.191465,0
POSITION,92.00816,29.66559,0.5109868,5.408958,0,0.191465,0
POSITION,92.25838,29.99476,0.5109868,6.220535,0,0.191465,0
POSITION,92.51095,30.32699,0.5109868,7.039688,0,0.1914649,0
POSITION,92.76481,30.66092,0.5109868,7.863033,0,0.1914651,0
POSITION,93.0094,30.98265,0.5109868,8.656294,0,0.1914652,0
POSITION,93.26118,31.31387,0.5109868,9.472938,0,0.1914646,0
INTERACTION,93.33118,Mushroom 1,31.77542,0.5,10.61093
POSITION,93.50974,31.64084,0.5109868,10.2791,0,0.1914634,0
POSITION,93.75964,31.77542,0.5109868,10.61093,0,0.1914613,0
POSITION,94.01125,31.73626,0.5109868,10.6073,0,0.08506221,0
POSITION,94.25768,31.30173,0.5109868,10.56702,0,-0.1720624,0
POSITION,94.51183,30.44976,0.5109868,10.48805,0,-0.4250844,0
POSITION,94.7589,29.58874,0.5109868,10.40825,0,-0.6292216,0
POSITION,95.01068,28.7113,0.5109868,10.32692,0,-0.7060394,0
POSITION,95.25845,27.84778,0.5109868,10.24688,0,-0.7285903,0
POSITION,95.50983,26.97165,0.5109868,10.16568,0,-0.7357386,0
POSITION,95.76096,26.09649,0.5109868,10.08456,0,-0.7379878,0
POSITION,96.01383,25.21519,0.5109868,10.00287,0,-0.738694,0
POSITION,96.26011,24.35685,0.5109868,9.923318,0,-0.7389126,0
POSITION,96.50895,23.48967,0.5109868,9.842942,0,-0.7389839,0
POSITION,96.76421,22.60005,0.5109868,9.760489,0,-0.7390071,0
POSITION,97.01315,21.73254,0.5109868,9.680076,0,-0.7390141,0
POSITION,97.25901,20.87568,0.5109868,9.600655,0,-0.7390165,0
POSITION,97.51072,19.99846,0.5109868,9.519346,0,-0.7390168,0
POSITION,97.76581,19.1095,0.5109868,9.436951,0,-0.7390168,0
POSITION,98.01154,18.25303,0.5109868,9.357566,0,-0.7390168,0
POSITION,98.26195,17.38032,0.5109868,9.276674,0,-0.7390168,0
POSITION,98.50785,16.52327,0.5109868,9.197236,0,-0.7390168,0
POSITION,98.76413,15.7175,0.5109868,9.122552,0,-0.6289543,0
POSITION,99.00983,15.38982,0.5109868,9.09218,0,-0.4091935,0
POSITION,99.26264,15.38229,0.5109868,9.091482,0,-0.310213,0
POSITION,99.51021,15.38229,0.5109868,9.091482,0,-0.310213,0
POSITION,99.76006,15.38229,0.5109868,9.091482,0,-0.5596473,0
POSITION,100.0136,15.38229,0.5109868,9.091482,0,-0.9022102,0
POSITION,100.2577,15.38229,0.5109868,9.091482,0,-0.9735887,0
POSITION,100.5089,15.38229,0.5109868,9.091482,0,-0.9735887,0
POSITION,100.7597,15.38229,0.5109868,9.091482,0,-0.9383516,0
POSITION,101.0081,15.38229,0.5109868,9.091482,0,-0.8177431,0
POSITION,101.2583,15.31642,0.5109868,9.085377,0,-0.7405093,0
POSITION,101.5121,14.8,0.5109868,9.037513,0,-0.7396901,0
POSITION,101.7586,13.95307,0.5109868,8.959011,0,-0.7392373,0
POSITION,102.0229,13.03201,0.5109868,8.873642,0,-0.7390827,0
POSITION,102.2601,12.20504,0.5109868,8.796993,0,-0.7390396,0
POSITION,102.5115,11.32897,0.5109868,8.715791,0,-0.7390246,0
POSITION,102.7645,10.44729,0.5109868,8.634065,0,-0.7390197,0
POSITION,103.01,9.591601,0.5109868,8.554751,0,-0.7390182,0
POSITION,103.2574,8.729512,0.5109868,8.474847,0,-0.7390182,0
POSITION,103.5134,7.837433,0.5109868,8.39216,0,-0.7390182,0
POSITION,103.7595,6.979598,0.5109868,8.312647,0,-0.7390181,0
POSITION,104.0111,6.102734,0.5109868,8.23137,0,-0.7390181,0
POSITION,104.2577,5.243355,0.5109868,8.151711,0,-0.7390181,0
POSITION,104.5086,4.369173,0.5109868,8.070685,0,-0.7390181,0
POSITION,104.7633,3.481266,0.5109868,7.988386,0,-0.7390181,0
POSITION,105.0114,2.616565,0.5109868,7.908237,0,-0.7390181,0
POSITION,105.261,1.746865,0.5109868,7.827625,0,-0.739018,0
POSITION,105.5124,0.8706398,0.5109868,7.746408,0,-0.739018,0
POSITION,105.763,-0.002776027,0.5109868,7.666389,0,-0.7385639,0
POSITION,106.0107,-0.8654465,0.5109868,7.591024,0,-0.7377535,0
POSITION,106.2641,-1.748014,0.5109868,7.510235,0,-0.7385374,0
POSITION,106.512,-2.611041,0.5109868,7.428183,0,-0.7396165,0
POSITION,106.7584,-3.452287,0.5110591,7.254405,0,-0.7701709,0
POSITION,107.0091,-4.294605,0.5110289,7.008642,0,-0.7907426,0
POSITION,107.261,-5.141034,0.5109985,6.761678,0,-0.797118,0
POSITION,107.5117,-5.953122,0.5109868,6.442782,0,-0.8241861,0
POSITION,107.7664,-6.7343,0.5109868,6.013646,0,-0.8497101,0
POSITION,108.0086,-7.477227,0.5109868,5.605522,0,-0.857089,0
POSITION,108.2599,-8.2484,0.5109868,5.181883,0,-0.8595427,0
POSITION,108.5123,-9.022663,0.5109868,4.756546,0,-0.8603098,0
POSITION,108.7631,-9.791939,0.5109868,4.333946,0,-0.8605503,0
POSITION,109.0076,-10.54197,0.5109868,3.921923,0,-0.8606255,0
POSITION,109.2574,-11.3081,0.5109868,3.501052,0,-0.8606504,0
POSITION,109.5129,-12.09199,0.5109868,3.070427,0,-0.8606585,0
POSITION,109.7621,-12.85648,0.5109868,2.650454,0,-0.8606609,0
POSITION,110.0079,-13.61033,0.5109868,2.236331,0,-0.8606616,0
POSITION,110.2581,-14.37805,0.5109868,1.814588,0,-0.8606616,0
POSITION,110.5085,-15.14625,0.5109868,1.392583,0,-0.8606616,0
POSITION,110.7648,-15.93232,0.5109868,0.960755,0,-0.8606617,0
POSITION,111.0081,-16.67859,0.5109868,0.5507967,0,-0.8606617,0
POSITION,111.2571,-17.44244,0.5109868,0.1311738,0,-0.8606617,0
POSITION,111.5079,-18.212,0.5109868,-0.2915747,0,-0.8606617,0
POSITION,111.7643,-18.99844,0.5109868,-0.7236048,0,-0.8606617,0
POSITION,112.0151,-19.76767,0.5109868,-1.146178,0,-0.8606617,0
POSITION,112.2591,-20.51608,0.5109868,-1.557312,0,-0.8606617,0
POSITION,112.5103,-21.28678,0.5109868,-1.980692,0,-0.8606617,0
POSITION,112.761,-22.05584,0.5109868,-2.403176,0,-0.8606618,0
POSITION,113.0143,-22.83283,0.5109868,-2.83001,0,-0.8606618,0
INTERACTION,113.0841,Potion - Mana,-23.91843,1.436114,-3.426382
POSITION,113.263,-23.59586,0.5109868,-3.249181,0,-0.8606617,0
POSITION,113.5141,-24.09731,0.5109868,-3.458651,0,-0.8338782,0
POSITION,113.7585,-24.31401,0.5109868,-3.193214,0,-0.6766916,0
POSITION,114.0075,-24.32498,0.5109868,-2.484273,0,-0.4639748,0
POSITION,114.2646,-24.23165,0.5109868,-1.590253,0,-0.2116805,0
INTERACTION,114.3898,NPC (2),-23.95,0.5,-0.1899996
POSITION,114.5114,-24.06133,0.5109868,-0.7434748,0,-0.007417365,0
POSITION,114.7641,-23.95,0.5347362,-0.1899996,0,0.0484175,0
POSITION,115.0144,-23.95,0.5347362,-0.1899996,0,0.0484175,0
POSITION,115.265,-23.93468,0.5436918,-0.2616368,0,0.1930412,0
POSITION,115.5139,-23.83701,0.5109868,-0.7696133,0,0.439348,0
POSITION,115.7628,-23.67777,0.5109868,-1.612076,0,0.6560131,0
POSITION,116.0133,-23.51499,0.5109868,-2.473683,0,0.8293132,0
POSITION,116.2644,-23.34672,0.5109868,-3.336322,0,0.9460579,0
POSITION,116.5106,-23.18051,0.5109868,-4.181513,0,0.9851336,0
POSITION,116.7589,-23.0128,0.5109868,-5.034416,0,0.9926461,0
POSITION,117.0072,-22.84511,0.5109868,-5.887158,0,0.9945052,0
POSITION,117.2569,-22.67653,0.5109868,-6.744466,0,0.9950482,0
POSITION,117.514,-22.50289,0.5109868,-7.627456,0,0.9952167,0
POSITION,117.7623,-22.33518,0.5109868,-8.480267,0,0.9952673,0
POSITION,118.0066,-22.17018,0.5109868,-9.319389,0,0.9952832,0
POSITION,118.2646,-21.99599,0.5109868,-10.20519,0,0.9952887,0
POSITION,118.5075,-21.83194,0.5109868,-11.03939,0,0.9952902,0
POSITION,118.7579,-21.66285,0.5109868,-11.89932,0,0.9952908,0
POSITION,119.0131,-21.4905,0.5109868,-12.77574,0,0.9952909,0
POSITION,119.2569,-21.32582,0.5109868,-13.61314,0,0.995291,0
POSITION,119.513,-21.15289,0.5109868,-14.49258,0,0.995291,0
POSITION,119.7629,-20.98413,0.5109868,-15.35072,0,0.9952911,0
POSITION,120.0129,-20.81534,0.5109868,-16.20908,0,0.9952911,0
POSITION,120.2666,-20.64397,0.5116737,-17.08052,0,0.9952911,0
POSITION,120.5101,-20.47951,0.5334074,-17.91685,0,0.9952911,0
POSITION,120.7642,-20.30798,0.5372759,-18.78912,0,0.9959379,0
POSITION,121.0079,-20.19338,0.5383724,-19.37193,0,0.986082,0
POSITION,121.259,-20.1676,0.5384822,-19.50304,0,0.9120913,0
POSITION,121.5124,-20.1676,0.5384822,-19.50304,0,0.9120913,0
POSITION,121.7578,-20.1676,0.5384822,-19.50304,0,0.9120913,0
POSITION,122.0118,-20.1676,0.5384822,-19.50304,0,0.9959422,0
POSITION,122.2645,-20.1676,0.5384822,-19.50304,0,0.8158656,0
POSITION,122.5082,-20.1676,0.5384822,-19.50304,0,0.8158656,0
POSITION,122.7579,-20.1676,0.5384822,-19.50304,0,0.8158656,0
POSITION,123.0139,-20.1676,0.5384822,-19.50304,0,0.9332788,0
POSITION,123.2636,-20.1676,0.5384822,-19.50304,0,0.9944154,0
POSITION,123.5122,-20.12383,0.538532,-19.7256,0,0.995203,0
POSITION,123.7628,-19.98523,0.5386897,-20.43041,0,0.9952585,0
POSITION,124.0115,-19.81729,0.5399236,-21.28445,0,0.9952806,0
POSITION,124.2618,-19.64826,0.5390409,-22.14402,0,0.9952878,0
POSITION,124.5132,-19.47846,0.5372064,-23.00752,0,0.99529,0
POSITION,124.7624,-19.31017,0.535379,-23.8633,0,0.9952906,0
POSITION,125.0072,-19.14489,0.533582,-24.70381,0,0.9952909,0
POSITION,125.2634,-18.97185,0.5317006,-25.58376,0,0.9952909,0
POSITION,125.5117,-18.80416,0.5298774,-26.43652,0,0.995291,0
POSITION,125.7624,-18.63488,0.528037,-27.29733,0,0.995291,0
INTERACTION,125.8652,NPC (1),-18.19896,0.5,-28.5794
POSITION,126.0111,-18.46696,0.5252388,-28.15126,0,0.995291,0
POSITION,126.2592,-18.29936,0.521255,-29.0035,0,0.9952911,0
POSITION,126.5106,-18.12961,0.51681,-29.86673,0,0.9952911,0
INTERACTION,126.6942,House 1,-17.81588,0.5,-31.46215
POSITION,126.762,-17.95984,0.5111755,-30.73008,0,0.9952912,0
POSITION,127.0122,-17.81588,0.5109868,-31.46215,0,0.9952914,0
POSITION,127.2598,-17.81588,0.5109868,-31.46215,0,0.9952914,0
POSITION,127.5096,-17.81588,0.5109868,-31.46215,0,0.9952914,0
POSITION,127.7649,-17.81588,0.5109868,-31.46215,0,0.9952914,0
POSITION,128.0066,-17.81588,0.5109868,-31.46215,0,0.9952914,0
POSITION,128.2628,-17.80505,0.5109868,-31.4437,0,0.9842982,0
POSITION,128.5068,-17.61287,0.5109868,-31.11722,0,0.9077205,0
POSITION,128.7579,-17.1904,0.5112022,-30.41442,0,0.7674646,0
POSITION,129.0143,-16.6988,0.5109868,-29.66364,0,0.5698905,0
POSITION,129.2586,-16.24863,0.5109868,-28.93654,0,0.3830371,0
POSITION,129.5084,-15.7887,0.5109868,-28.1932,0,0.308907,0
POSITION,129.7614,-15.32278,0.5109868,-27.44016,0,0.2846696,0
POSITION,130.0144,-14.85688,0.5109868,-26.68715,0,0.2769874,0
POSITION,130.2608,-14.40299,0.5109868,-25.95358,0,0.2746349,0
POSITION,130.5077,-13.94846,0.5109868,-25.21896,0,0.2738727,0
POSITION,130.7644,-13.47579,0.5109868,-24.45503,0,0.2736213,0
POSITION,131.0087,-13.02588,0.5109868,-23.72787,0,0.2735457,0
POSITION,131.2621,-12.55903,0.5109868,-22.97335,0,0.2735205,0
POSITION,131.5124,-12.09827,0.5109868,-22.22866,0,0.2735127,0
POSITION,131.7611,-11.64016,0.5109868,-21.48825,0,0.2735103,0
POSITION,132.0076,-11.18615,0.5109868,-20.75447,0,0.2735095,0
POSITION,132.257,-10.72693,0.5109868,-20.01227,0,0.2735095,0
POSITION,132.5071,-10.26623,0.5109868,-19.26768,0,0.2735095,0
POSITION,132.7646,-9.792057,0.5109868,-18.50133,0,0.2735094,0
POSITION,133.0073,-9.345234,0.5109868,-17.77917,0,0.2735094,0
POSITION,133.2627,-8.874907,0.5109868,-17.01902,0,0.2735094,0
POSITION,133.5093,-8.420829,0.5109868,-16.28513,0,0.2735094,0
POSITION,133.7631,-7.953436,0.5109868,-15.52972,0,0.2735094,0
POSITION,134.0088,-7.500884,0.5109868,-14.7983,0,0.2735094,0
POSITION,134.2623,-7.033971,0.5109868,-14.04367,0,0.2735094,0
POSITION,134.5092,-6.579445,0.5109868,-13.30906,0,0.2735093,0
POSITION,134.7578,-6.121584,0.5109868,-12.56906,0,0.2735093,0
POSITION,135.0072,-5.662073,0.5109868,-11.8264,0,0.2735093,0
POSITION,135.2648,-5.18776,0.5109868,-11.0598,0,0.2735093,0
POSITION,135.5135,-4.729785,0.5109868,-10.31962,0,0.2735093,0
POSITION,135.7576,-4.280259,0.5109868,-9.59309,0,0.2735093,0
POSITION,136.0085,-3.818121,0.5109868,-8.846179,0,0.2735093,0
POSITION,136.2596,-3.355618,0.5109868,-8.098677,0,0.2735093,0
POSITION,136.5132,-2.888664,0.5109868,-7.343982,0,0.2735093,0
POSITION,136.7572,-2.43924,0.5109868,-6.617621,0,0.2735093,0
POSITION,137.0081,-1.977132,0.5109868,-5.870757,0,0.2735093,0
POSITION,137.2583,-1.516311,0.5109868,-5.125971,0,0.2735093,0
POSITION,137.5073,-1.057769,0.5109868,-4.384872,0,0.2735093,0
POSITION,137.764,-0.5851746,0.5109868,-3.62106,0,0.2735093,0
POSITION,138.0088,-0.1344235,0.5109868,-2.89255,0,0.2735093,0
INTERACTION,138.2417,Collectible - Crystal (1),0.8200002,1.609503,-1.35
POSITION,138.2634,0.3345536,0.5109868,-2.134584,0,0.2735093,0
POSITION,138.5128,0.7840176,0.5109868,-1.408156,0,0.2735093,0
POSITION,138.7575,0.8200002,0.5109868,-1.35,0,0.2735092,0
POSITION,139.0083,0.8200002,0.5109868,-1.35,0,0.2735092,0
POSITION,139.2618,0.8200002,0.5109868,-1.35,0,0.2735092,0
POSITION,139.5098,0.8202487,0.5109868,-1.351425,0,0.2970386,0
POSITION,139.7585,0.8695451,0.5109868,-1.633972,0,0.5328411,0
INTERACTION,139.931,Collectible - Bag (2),1.47,1.370463,-2.95
POSITION,140.0087,1.000535,0.5109868,-2.384754,0,0.7339444,0
POSITION,140.2611,1.15233,0.5109868,-3.254779,0,0.8858646,0
POSITION,140.513,1.311436,0.5109868,-4.121783,0,0.9718133,0
POSITION,140.7617,1.468511,0.5109868,-4.977716,0,0.9905063,0
POSITION,141.0073,1.623724,0.5109868,-5.823502,0,0.9943789,0
INTERACTION,141.1323,Cat (1),1.88,0.5,-7.22
POSITION,141.2581,1.782171,0.5109868,-6.686912,0,0.9954322,0
POSITION,141.5111,1.884726,0.5109868,-7.437904,0,0.9976397,0
POSITION,141.785,1.679805,0.5109868,-7.786134,0,0.9916049,0
POSITION,142.0103,1.259124,0.5109868,-7.697527,0,0.9339163,0
POSITION,142.2596,0.578999,0.5109868,-7.247468,0,0.8099655,0
POSITION,142.5093,-0.133662,0.5109868,-6.742043,0,0.631759,0
POSITION,142.7612,-0.8528363,0.5109868,-6.231999,0,0.5160413,0
POSITION,143.0088,-1.517571,0.5109868,-5.760565,0,0.3875583,0
POSITION,143.2652,-1.846166,0.5109868,-5.527522,0,0.1309984,0
POSITION,143.5093,-1.860963,0.5109868,-5.517028,0,-0.008663756,0
POSITION,143.7581,-1.860963,0.5109868,-5.517028,0,-0.008663756,0
POSITION,144.0131,-1.860963,0.5109868,-5.517028,0,0.2144888,0
POSITION,144.2628,-1.860963,0.5109868,-5.517028,0,0.6733269,0
POSITION,144.5087,-1.860963,0.5109868,-5.517028,0,0.8551061,0
POSITION,144.7579,-1.860963,0.5109868,-5.517028,0,0.8551061,0
POSITION,145.0076,-1.860963,0.5109868,-5.517028,0,0.805779,0
POSITION,145.2633,-1.860963,0.5109868,-5.517028,0,0.6213402,0
POSITION,145.5087,-1.892034,0.5109868,-5.494992,0,0.4910849,0
POSITION,145.7591,-2.256038,0.5109868,-5.236837,0,0.4747447,0
POSITION,146.0117,-2.950954,0.5109868,-4.743996,0,0.4641674,0
POSITION,146.2636,-3.714122,0.5109868,-4.325756,0,0.5122109,0
POSITION,146.5088,-4.540443,0.5109868,-4.093816,0,0.5749016,0
POSITION,146.7585,-5.381538,0.5109868,-3.857729,0,0.5948279,0
POSITION,147.0134,-6.240686,0.5109868,-3.616576,0,0.6011872,0
POSITION,147.2622,-7.078972,0.5109868,-3.381277,0,0.6031345,0
POSITION,147.5089,-7.910246,0.5109868,-3.147947,0,0.6037548,0
POSITION,147.7595,-8.75487,0.5109868,-2.910871,0,0.6039576,0
POSITION,148.0097,-9.597754,0.5109868,-2.674284,0,0.6040212,0
POSITION,148.2587,-10.43683,0.5109868,-2.438765,0,0.6040415,0
POSITION,148.5084,-11.26525,0.5109868,-2.195815,0,0.5979843,0
POSITION,148.7638,-11.77883,0.5109868,-1.78654,0,0.4794617,0
POSITION,149.0084,-11.82224,0.5109868,-1.199948,0,0.2459141,0
POSITION,149.2625,-11.45985,0.5109868,-0.436993,0,-0.01763248,0
POSITION,149.5082,-11.05271,0.5109868,0.3204788,0,-0.1713442,0
POSITION,149.765,-10.62712,0.5109868,1.112273,0,-0.2217669,0
POSITION,150.0105,-10.22045,0.5109868,1.868873,0,-0.2368493,0
POSITION,150.2591,-9.808457,0.5109868,2.635387,0,-0.2417784,0
POSITION,150.5113,-9.390602,0.5109868,3.412802,0,-0.2433702,0
POSITION,150.7585,-8.98095,0.5109868,4.174949,0,-0.2438688,0
POSITION,151.0081,-8.567401,0.5109868,4.944352,0,-0.2440283,0
POSITION,151.2594,-8.287611,0.5109868,5.756285,0,-0.170223,0
POSITION,151.5082,-8.256893,0.5109868,6.626644,0,-0.06661773,0
POSITION,151.7582,-8.226438,0.5109868,7.500832,0,-0.03311806,0
POSITION,152.009,-8.195862,0.5109868,8.378468,0,-0.02240015,0
POSITION,152.2617,-8.165068,0.511385,9.262293,0,-0.01897232,0
POSITION,152.5082,-8.135026,0.5133927,10.12459,0,-0.01791798,0
POSITION,152.758,-8.104578,0.5154276,10.9985,0,-0.01757399,0
POSITION,153.0107,-8.073782,0.5174856,11.88237,0,-0.01746363,0
POSITION,153.2634,-8.04299,0.5195435,12.76619,0,-0.01742925,0
POSITION,153.5081,-7.928235,0.5216826,13.61071,0,-0.06164805,0
POSITION,153.758,-7.732269,0.5240043,14.46331,0,-0.09645767,0
POSITION,154.0083,-7.536056,0.526329,15.31699,0,-0.1075444,0
POSITION,154.2576,-7.340579,0.528645,16.16746,0,-0.1110651,0
POSITION,154.5134,-7.140028,0.531021,17.04001,0,-0.1122064,0
POSITION,154.7574,-6.948703,0.5109868,17.87242,0,-0.1125519,0
POSITION,155.0081,-6.752136,0.5242664,18.72764,0,-0.1126672,0
POSITION,155.2581,-6.556112,0.5109868,19.58049,0,-0.1127036,0
POSITION,155.5086,-6.359792,0.5109868,20.43464,0,-0.1127153,0
POSITION,155.7653,-6.139208,0.5109868,21.29843,0,-0.1277468,0
POSITION,156.0083,-5.627143,0.5109868,21.92306,0,-0.2866223,0
POSITION,156.2579,-4.933815,0.5109868,22.45479,0,-0.3937902,0
POSITION,156.5122,-4.228099,0.5109868,22.99659,0,-0.4266272,0
POSITION,156.7641,-3.807292,0.5119194,23.56799,0,-0.3348134,0
POSITION,157.0128,-3.885673,0.5137631,24.1003,0,-0.1024582,0
INTERACTION,157.1466,Large Crystal - Red,-5.1,0,24.5
POSITION,157.2621,-4.422168,0.5118735,24.45498,0,0.157773,0
POSITION,157.5075,-5.1,0.5109868,24.5,0,0.3859031,0
POSITION,157.7625,-5.1,0.5109868,24.5,0,0.3859031,0
POSITION,158.0119,-5.1,0.5109868,24.5,0,0.3859031,0
POSITION,158.2578,-5.1,0.5109868,24.5,0,0.3859031,0
POSITION,158.5081,-5.115402,0.5109868,24.49139,0,0.4375192,0
POSITION,158.7581,-5.379143,0.5109868,24.34398,0,0.6266966,0
POSITION,159.0093,-5.506899,0.5109868,24.27272,0,0.7071485,0
POSITION,159.2627,-6.067969,0.5109868,23.96475,0,0.8048791,0
POSITION,159.5085,-6.872778,0.5109868,23.84343,0,0.7601663,0
POSITION,159.767,-7.772729,0.5109868,23.93807,0,0.6982968,0
POSITION,160.008,-8.611646,0.5109868,24.02628,0,0.678917,0
POSITION,160.2599,-9.488626,0.5109868,24.11851,0,0.6722225,0
POSITION,160.5106,-10.36141,0.5109868,24.21029,0,0.6701007,0
POSITION,160.7566,-11.21745,0.5109868,24.3003,0,0.669431,0
POSITION,161.0068,-12.08863,0.5109868,24.39192,0,0.6692132,0
POSITION,161.2642,-12.9844,0.5109868,24.48611,0,0.6691431,0
POSITION,161.5088,-13.83587,0.5109868,24.57565,0,0.669122,0
POSITION,161.7593,-14.70767,0.5109868,24.66733,0,0.669115,0
POSITION,162.0208,-15.61806,0.5109868,24.76306,0,0.6691136,0
INTERACTION,162.229,Tree - Oak,-16.85452,0.5,23.98255
POSITION,162.2643,-16.43104,0.5109868,24.84855,0,0.6691127,0
POSITION,162.5076,-16.60447,0.5109868,24.90668,0,0.6368956,0
POSITION,162.7658,-17.17034,0.5109868,24.981,0,0.6617799,0
POSITION,163.0071,-17.81815,0.5109868,24.64856,0,0.8036525,0
POSITION,163.2584,-18.18213,0.5109868,23.93577,0,0.9307928,0
POSITION,163.5099,-18.39254,0.5109868,23.0811,0,0.9799187,0
POSITION,163.7673,-18.60793,0.5109868,22.20619,0,0.989463,0
POSITION,164.0146,-18.8148,0.5109868,21.36588,0,0.9917398,0
POSITION,164.2636,-19.02307,0.5109868,20.51993,0,0.9924169,0
POSITION,164.5119,-19.23088,0.5109868,19.67581,0,0.9926271,0
POSITION,164.7618,-19.43994,0.5109868,18.82657,0,0.9926942,0
POSITION,165.0103,-19.64784,0.5109868,17.98207,0,0.9927155,0
POSITION,165.2585,-19.80819,0.5109868,17.33076,0,0.9394253,0
POSITION,165.5125,-19.85238,0.5109868,17.15128,0,0.8163419,0
POSITION,165.7564,-19.85238,0.5109868,17.15128,0,0.8031288,0
POSITION,166.0071,-19.85238,0.5109868,17.15128,0,0.8031288,0
POSITION,166.2618,-19.85238,0.5109868,17.15128,0,0.9829816,0
POSITION,166.509,-19.85238,0.5109868,17.15128,0,0.9446658,0
POSITION,166.7585,-19.85238,0.5109868,17.15128,0,0.9226918,0
POSITION,167.0119,-19.85238,0.5109868,17.15128,0,0.9226918,0
POSITION,167.2648,-19.85238,0.5109868,17.15128,0,0.9844273,0
POSITION,167.5077,-19.85238,0.5109868,17.15128,0,0.9969113,0
POSITION,167.766,-19.89774,0.5109868,16.96704,0,0.9930052,0
POSITION,168.0139,-20.05857,0.5109868,16.31371,0,0.9928335,0
POSITION,168.2614,-20.2656,0.5109868,15.4728,0,0.9927603,0
POSITION,168.5121,-20.47537,0.5109868,14.62072,0,0.9927365,0
POSITION,168.7582,-20.68125,0.5109868,13.78448,0,0.9927291,0
POSITION,169.0075,-20.88981,0.5109868,12.93729,0,0.9927266,0
POSITION,169.2585,-21.09986,0.5109868,12.08409,0,0.9927257,0
POSITION,169.5078,-21.30836,0.5109868,11.23713,0,0.9927256,0
POSITION,169.7579,-21.51765,0.5109868,10.38702,0,0.9927255,0
POSITION,170.0086,-21.72746,0.5109868,9.534852,0,0.9927255,0
POSITION,170.2604,-21.93817,0.5109868,8.678921,0,0.9927255,0
POSITION,170.5142,-22.15048,0.5109868,7.816531,0,0.9927255,0
POSITION,170.763,-22.35862,0.5109868,6.971087,0,0.9927255,0
INTERACTION,170.763,Large Crystal - Blue,-23.08,0,6.290001
POSITION,171.0125,-22.56736,0.5109868,6.123182,0,0.9927255,0
POSITION,171.2602,-22.77464,0.5109868,5.281241,0,0.9927255,0
POSITION,171.5101,-22.98373,0.5109868,4.431887,0,0.9927255,0
POSITION,171.76,-23.19278,0.5109868,3.582751,0,0.9927255,0
POSITION,172.0108,-23.40682,0.5109868,2.73172,0,0.9922293,0
INTERACTION,172.1772,Potion - Mana (2),-24.06,1.598858,1.3
POSITION,172.266,-23.77301,0.5109868,1.918292,0,0.9825854,0
POSITION,172.5156,-24.06,0.5109868,1.3,0,0.9790762,0
POSITION,172.7638,-24.06,0.5109868,1.3,0,0.9790762,0
POSITION,173.0071,-24.06,0.5109868,1.3,0,0.9790762,0
POSITION,173.2588,-24.06,0.5109868,1.3,0,0.9790762,0
POSITION,173.5085,-24.06,0.5109868,1.3,0,0.9790762,0
POSITION,173.762,-24.06,0.5109868,1.3,0,0.9790762,0
POSITION,174.0088,-23.96877,0.5109868,1.260691,0,0.9991668,0
POSITION,174.2616,-23.44112,0.5109868,1.033343,0,0.9750314,0
POSITION,174.5123,-22.63777,0.5109868,0.6872035,0,0.8986004,0
POSITION,174.7615,-21.83669,0.5109868,0.3420444,0,0.8571066,0
POSITION,175.0104,-21.03667,0.5113183,-0.002656579,0,0.8424805,0
POSITION,175.2618,-20.22863,0.5109868,-0.3508161,0,0.837637,0
POSITION,175.5096,-19.43212,0.5109868,-0.6940067,0,0.8360971,0
POSITION,175.7627,-18.61874,0.5109868,-1.04447,0,0.8356012,0
POSITION,176.0092,-17.82634,0.5109868,-1.385892,0,0.8354477,0
POSITION,176.2648,-17.00471,0.5109868,-1.739903,0,0.835397,0
POSITION,176.5138,-16.20446,0.5109868,-2.084706,0,0.8353816,0
POSITION,176.7598,-15.414,0.5109868,-2.42529,0,0.8353767,0
POSITION,177.0123,-14.6022,0.5109868,-2.775067,0,0.835375,0
POSITION,177.259,-13.80897,0.5109868,-3.116846,0,0.8353749,0
